,cnn_2.h5,cnn_3.h5
0,0.9926999807357788,0.983299970626831
